"Date de déclaration du cas";"Cas confirmés";"Moyenne mobile (7 jours)";"Annotations 1"
"2020-02-24 00:00:00";0;0,14
"2020-02-25 00:00:00";1;0,29
"2020-02-26 00:00:00";0;0,29
"2020-02-27 00:00:00";0;0,57
"2020-02-28 00:00:00";1;1
"2020-02-29 00:00:00";0;1,14
"2020-03-01 00:00:00";2;1,43
"2020-03-02 00:00:00";3;1,57
"2020-03-03 00:00:00";2;1,71
"2020-03-04 00:00:00";2;1,71
"2020-03-05 00:00:00";1;1,57
"2020-03-06 00:00:00";2;1,43
"2020-03-07 00:00:00";0;1,43
"2020-03-08 00:00:00";1;2,57
"2020-03-09 00:00:00";2;3,43
"2020-03-10 00:00:00";2;3,71
"2020-03-11 00:00:00";10;6,43
"2020-03-12 00:00:00";7;8,14
"2020-03-13 00:00:00";4;10,29
"2020-03-14 00:00:00";19;16,14
"2020-03-15 00:00:00";13;20,71
"2020-03-16 00:00:00";17;30,57
"2020-03-17 00:00:00";43;48,43
"2020-03-18 00:00:00";42;72,14
"2020-03-19 00:00:00";76;104,57
"2020-03-20 00:00:00";129;151,43
"2020-03-21 00:00:00";185;183,86
"2020-03-22 00:00:00";240;230,57
"2020-03-23 00:00:00";345;271,86
"2020-03-24 00:00:00";270;317,86
"2020-03-25 00:00:00";369;351,29
"2020-03-26 00:00:00";365;398,43
"2020-03-27 00:00:00";451;432
"2020-03-28 00:00:00";419;497,86
"2020-03-29 00:00:00";570;545,43
"2020-03-30 00:00:00";580;618,71
"2020-03-31 00:00:00";731;664,86
"2020-04-01 00:00:00";702;719,71
"2020-04-02 00:00:00";878;728,71
"2020-04-03 00:00:00";774;771,43
"2020-04-04 00:00:00";803;780,14
"2020-04-05 00:00:00";633;778,86
"2020-04-06 00:00:00";879;760,43
"2020-04-07 00:00:00";792;740,86
"2020-04-08 00:00:00";693;721,57
"2020-04-09 00:00:00";749;744,57
"2020-04-10 00:00:00";637;756,86
"2020-04-11 00:00:00";668;780,86
"2020-04-12 00:00:00";794;838,57
"2020-04-13 00:00:00";965;869,86
"2020-04-14 00:00:00";960;925,57
"2020-04-15 00:00:00";1097;925,57
"2020-04-16 00:00:00";968;929,86
"2020-04-17 00:00:00";1027;922
"2020-04-18 00:00:00";668;901
"2020-04-19 00:00:00";824;871,86
"2020-04-20 00:00:00";910;863,71
"2020-04-21 00:00:00";813;840
"2020-04-22 00:00:00";893;853,71
"2020-04-23 00:00:00";911;824,29
"2020-04-24 00:00:00";861;824
"2020-04-25 00:00:00";764;840
"2020-04-26 00:00:00";618;841,29
"2020-04-27 00:00:00";908;854,43
"2020-04-28 00:00:00";925;883,29
"2020-04-29 00:00:00";902;902,43
"2020-04-30 00:00:00";1003;927,43
"2020-05-01 00:00:00";1063;921,71
"2020-05-02 00:00:00";898;917,57
"2020-05-03 00:00:00";793;936,43
"2020-05-04 00:00:00";868;915,29
"2020-05-05 00:00:00";896;875
"2020-05-06 00:00:00";1034;854,57
"2020-05-07 00:00:00";855;834,43
"2020-05-08 00:00:00";781;814,29
"2020-05-09 00:00:00";755;800,86
"2020-05-10 00:00:00";652;764,86
"2020-05-11 00:00:00";727;743
"2020-05-12 00:00:00";802;743,71
"2020-05-13 00:00:00";782;735,29
"2020-05-14 00:00:00";702;745,86
"2020-05-15 00:00:00";786;737,29
"2020-05-16 00:00:00";696;713,43
"2020-05-17 00:00:00";726;717,14
"2020-05-18 00:00:00";667;719
"2020-05-19 00:00:00";635;692,43
"2020-05-20 00:00:00";808;664,71
"2020-05-21 00:00:00";715;638,71
"2020-05-22 00:00:00";600;616,71
"2020-05-23 00:00:00";502;590,29
"2020-05-24 00:00:00";544;549,29
"2020-05-25 00:00:00";513;506,29
"2020-05-26 00:00:00";450;481,29
"2020-05-27 00:00:00";521;466,29
"2020-05-28 00:00:00";414;430,14
"2020-05-29 00:00:00";425;403,86
"2020-05-30 00:00:00";397;371,86
"2020-05-31 00:00:00";291;336,86
"2020-06-01 00:00:00";329;314,71
"2020-06-02 00:00:00";226;288,57
"2020-06-03 00:00:00";276;267
"2020-06-04 00:00:00";259;252,29
"2020-06-05 00:00:00";242;222
"2020-06-06 00:00:00";246;213,43
"2020-06-07 00:00:00";188;198,29
"2020-06-08 00:00:00";117;182,86
"2020-06-09 00:00:00";166;173,57
"2020-06-10 00:00:00";170;156,14
"2020-06-11 00:00:00";151;142,71
"2020-06-12 00:00:00";177;141,86
"2020-06-13 00:00:00";124;137
"2020-06-14 00:00:00";94;129,71
"2020-06-15 00:00:00";111;127,57
"2020-06-16 00:00:00";132;121,29
"2020-06-17 00:00:00";119;117,29
"2020-06-18 00:00:00";136;115,14
"2020-06-19 00:00:00";133;111,29
"2020-06-20 00:00:00";96;105,86
"2020-06-21 00:00:00";79;101,43
"2020-06-22 00:00:00";84;95
"2020-06-23 00:00:00";94;88,14
"2020-06-24 00:00:00";88;87
"2020-06-25 00:00:00";91;84
"2020-06-26 00:00:00";85;80,71
"2020-06-27 00:00:00";88;81,43
"2020-06-28 00:00:00";58;79,14
"2020-06-29 00:00:00";61;76,14
"2020-06-30 00:00:00";99;76,86
"2020-07-01 00:00:00";72;77,14
"2020-07-02 00:00:00";70;77,14
"2020-07-03 00:00:00";90;78,14
"2020-07-04 00:00:00";90;79,29
"2020-07-05 00:00:00";58;83,14
"2020-07-06 00:00:00";68;91,29
"2020-07-07 00:00:00";107;94,71
"2020-07-08 00:00:00";99;96,43
"2020-07-09 00:00:00";127;98,86
"2020-07-10 00:00:00";114;108,86
"2020-07-11 00:00:00";102;112,29
"2020-07-12 00:00:00";75;119,14
"2020-07-13 00:00:00";138;120,86
"2020-07-14 00:00:00";131;132,57
"2020-07-15 00:00:00";147;145,14
"2020-07-16 00:00:00";139;152,57
"2020-07-17 00:00:00";196;151,43
"2020-07-18 00:00:00";190;154,57
"2020-07-19 00:00:00";127;158,29
"2020-07-20 00:00:00";130;166,43
"2020-07-21 00:00:00";153;161,29
"2020-07-22 00:00:00";173;157
"2020-07-23 00:00:00";196;160
"2020-07-24 00:00:00";160;154,57
"2020-07-25 00:00:00";160;151,14
"2020-07-26 00:00:00";148;151,86
"2020-07-27 00:00:00";92;145,86
"2020-07-28 00:00:00";129;142,29
"2020-07-29 00:00:00";178;138,29
"2020-07-30 00:00:00";154;130,43
"2020-07-31 00:00:00";135;137,86
"2020-08-01 00:00:00";132;140,71
"2020-08-02 00:00:00";93;133,14
"2020-08-03 00:00:00";144;124,43
"2020-08-04 00:00:00";149;123,29
"2020-08-05 00:00:00";125;121
"2020-08-06 00:00:00";93;121,57
"2020-08-07 00:00:00";127;115,43
"2020-08-08 00:00:00";116;108,43
"2020-08-09 00:00:00";97;103,57
"2020-08-10 00:00:00";101;104,14
"2020-08-11 00:00:00";100;96,86
"2020-08-12 00:00:00";91;89,71
"2020-08-13 00:00:00";97;82,29
"2020-08-14 00:00:00";76;74,86
"2020-08-15 00:00:00";66;71,86
"2020-08-16 00:00:00";45;69,43
"2020-08-17 00:00:00";49;70,29
"2020-08-18 00:00:00";79;75
"2020-08-19 00:00:00";74;75,71
"2020-08-20 00:00:00";103;80,43
"2020-08-21 00:00:00";109;79,86
"2020-08-22 00:00:00";71;82,43
"2020-08-23 00:00:00";78;90
"2020-08-24 00:00:00";45;92,43
"2020-08-25 00:00:00";97;92,43
"2020-08-26 00:00:00";127;102,43
"2020-08-27 00:00:00";120;108,14
"2020-08-28 00:00:00";109;120,14
"2020-08-29 00:00:00";141;128,14
"2020-08-30 00:00:00";118;136,57
"2020-08-31 00:00:00";129;151,71
"2020-09-01 00:00:00";153;162,71
"2020-09-02 00:00:00";186;170,71
"2020-09-03 00:00:00";226;181,71
"2020-09-04 00:00:00";186;190,57
"2020-09-05 00:00:00";197;196,57
"2020-09-06 00:00:00";195;206
"2020-09-07 00:00:00";191;210,29
"2020-09-08 00:00:00";195;228
"2020-09-09 00:00:00";252;242,14
"2020-09-10 00:00:00";256;259,57
"2020-09-11 00:00:00";310;271,71
"2020-09-12 00:00:00";296;289,86
"2020-09-13 00:00:00";317;297,71
"2020-09-14 00:00:00";276;310,86
"2020-09-15 00:00:00";322;336,43
"2020-09-16 00:00:00";307;365,14
"2020-09-17 00:00:00";348;392,43
"2020-09-18 00:00:00";489;421,71
"2020-09-19 00:00:00";497;450,71
"2020-09-20 00:00:00";508;504,57
"2020-09-21 00:00:00";481;558,71
"2020-09-22 00:00:00";525;595,71
"2020-09-23 00:00:00";684;653,71
"2020-09-24 00:00:00";727;702,71
"2020-09-25 00:00:00";748;764,14
"2020-09-26 00:00:00";903;826
"2020-09-27 00:00:00";851;873,71
"2020-09-28 00:00:00";911;905,57
"2020-09-29 00:00:00";958;966,29
"2020-09-30 00:00:00";1018;1003,29
"2020-10-01 00:00:00";950;1032,43
"2020-10-02 00:00:00";1173;1023,29
"2020-10-03 00:00:00";1162;1029,14
"2020-10-04 00:00:00";1055;1022,43
"2020-10-05 00:00:00";847;1043,43
"2020-10-06 00:00:00";999;1038,57
"2020-10-07 00:00:00";971;1002
"2020-10-08 00:00:00";1097;1005,86
"2020-10-09 00:00:00";1139;997,86
"2020-10-10 00:00:00";906;991,86
"2020-10-11 00:00:00";1082;1010
"2020-10-12 00:00:00";791;1017,43
"2020-10-13 00:00:00";957;1017,43
"2020-10-14 00:00:00";1098;1039
"2020-10-15 00:00:00";1149;1023,71
"2020-10-16 00:00:00";1139;1032
"2020-10-17 00:00:00";1057;1043,43
"2020-10-18 00:00:00";975;1026,71
"2020-10-19 00:00:00";849;996,57
"2020-10-20 00:00:00";1037;982,86
"2020-10-21 00:00:00";981;951
"2020-10-22 00:00:00";938;929,86
"2020-10-23 00:00:00";1043;949,71
"2020-10-24 00:00:00";834;941,14
"2020-10-25 00:00:00";827;941,57
"2020-10-26 00:00:00";988;959,71
"2020-10-27 00:00:00";977;946,71
"2020-10-28 00:00:00";984;968,29
"2020-10-29 00:00:00";1065;996,43
"2020-10-30 00:00:00";952;983,43
"2020-10-31 00:00:00";985;994,86
"2020-11-01 00:00:00";1024;1019,57
"2020-11-02 00:00:00";897;1049
"2020-11-03 00:00:00";1057;1084,14
"2020-11-04 00:00:00";1157;1119,43
"2020-11-05 00:00:00";1271;1160,29
"2020-11-06 00:00:00";1198;1204,14
"2020-11-07 00:00:00";1232;1239,57
"2020-11-08 00:00:00";1310;1272,43
"2020-11-09 00:00:00";1204;1280,86
"2020-11-10 00:00:00";1305;1306,29
"2020-11-11 00:00:00";1387;1306,86
"2020-11-12 00:00:00";1330;1279,14
"2020-11-13 00:00:00";1376;1252,86
"2020-11-14 00:00:00";1236;1227,29
"2020-11-15 00:00:00";1116;1201,14
"2020-11-16 00:00:00";1020;1198,43
"2020-11-17 00:00:00";1126;1166
"2020-11-18 00:00:00";1204;1150,29
"2020-11-19 00:00:00";1311;1163,43
"2020-11-20 00:00:00";1149;1171
"2020-11-21 00:00:00";1126;1185,14
"2020-11-22 00:00:00";1208;1212
"2020-11-23 00:00:00";1073;1215,57
"2020-11-24 00:00:00";1225;1235,14
"2020-11-25 00:00:00";1392;1278,43
"2020-11-26 00:00:00";1336;1303,14
"2020-11-27 00:00:00";1286;1329,86
"2020-11-28 00:00:00";1429;1372,57
"2020-11-29 00:00:00";1381;1395,14
"2020-11-30 00:00:00";1260;1418,86
"2020-12-01 00:00:00";1524;1487,57
"2020-12-02 00:00:00";1550;1518
"2020-12-03 00:00:00";1502;1540,43
"2020-12-04 00:00:00";1767;1591,71
"2020-12-05 00:00:00";1642;1611,29
"2020-12-06 00:00:00";1538;1640
"2020-12-07 00:00:00";1619;1676,57
"2020-12-08 00:00:00";1661;1698,14
"2020-12-09 00:00:00";1751;1750
"2020-12-10 00:00:00";1758;1782
"2020-12-11 00:00:00";1918;1820,86
"2020-12-12 00:00:00";2005;1839
"2020-12-13 00:00:00";1762;1892,14
"2020-12-14 00:00:00";1891;1972,14
"2020-12-15 00:00:00";1788;2002
"2020-12-16 00:00:00";2123;2010
"2020-12-17 00:00:00";2318;2040
"2020-12-18 00:00:00";2127;2072
"2020-12-19 00:00:00";2061;2124,86
"2020-12-20 00:00:00";1972;2140,29
"2020-12-21 00:00:00";2115;2152
"2020-12-22 00:00:00";2158;2178,29
"2020-12-23 00:00:00";2231;2183,29
"2020-12-24 00:00:00";2400;2210,71
"2020-12-25 00:00:00";2311;2238,57
"2020-12-26 00:00:00";2096;2338,86
"2020-12-27 00:00:00";2164;2421,71
"2020-12-28 00:00:00";2310;2440,43
"2020-12-29 00:00:00";2860;2503,43
"2020-12-30 00:00:00";2811;2546,43
"2020-12-31 00:00:00";2531;2547,57
"2021-01-01 00:00:00";2752;2581,86
"2021-01-02 00:00:00";2397;2543,14
"2021-01-03 00:00:00";2172;2551,71
"2021-01-04 00:00:00";2550;2595,14
"2021-01-05 00:00:00";2589;2595,43
"2021-01-06 00:00:00";2871;2540,57
"2021-01-07 00:00:00";2835;2521,14
"2021-01-08 00:00:00";2754;2412,71
"2021-01-09 00:00:00";2013;2356,43
"2021-01-10 00:00:00";2036;2233,86
"2021-01-11 00:00:00";1791;2107,71
"2021-01-12 00:00:00";2195;1983,14
"2021-01-13 00:00:00";2013;1971,14
"2021-01-14 00:00:00";1952;1896,57
"2021-01-15 00:00:00";1882;1833,14
"2021-01-16 00:00:00";1929;1737,43
"2021-01-17 00:00:00";1514;1674
"2021-01-18 00:00:00";1347;1652
"2021-01-19 00:00:00";1525;1604,14
"2021-01-20 00:00:00";1569;1519,43
"2021-01-21 00:00:00";1798;1470,14
"2021-01-22 00:00:00";1547;1452,71
"2021-01-23 00:00:00";1336;1429,14
"2021-01-24 00:00:00";1169;1386,57
"2021-01-25 00:00:00";1225;1315
"2021-01-26 00:00:00";1360;1277,43
"2021-01-27 00:00:00";1271;1264,86
"2021-01-28 00:00:00";1297;1223,71
"2021-01-29 00:00:00";1284;1188,43
"2021-01-30 00:00:00";1248;1162
"2021-01-31 00:00:00";881;1135,57
"2021-02-01 00:00:00";978;1105,29
"2021-02-02 00:00:00";1175;1097,14
"2021-02-03 00:00:00";1086;1068,43
"2021-02-04 00:00:00";1085;1062
"2021-02-05 00:00:00";1227;1033,86
"2021-02-06 00:00:00";1047;1005,14
"2021-02-07 00:00:00";836;1015,57
"2021-02-08 00:00:00";781;1006,14
"2021-02-09 00:00:00";974;978,57
"2021-02-10 00:00:00";1159;948,71
"2021-02-11 00:00:00";1019;933,14
"2021-02-12 00:00:00";1034;917,71
"2021-02-13 00:00:00";838;900,14
"2021-02-14 00:00:00";727;847,29
"2021-02-15 00:00:00";673;825,86
"2021-02-16 00:00:00";851;789,29
"2021-02-17 00:00:00";789;772,86
"2021-02-18 00:00:00";869;786
"2021-02-19 00:00:00";778;781,29
"2021-02-20 00:00:00";723;778,86
"2021-02-21 00:00:00";819;788,57
"2021-02-22 00:00:00";640;781,14
"2021-02-23 00:00:00";834;795,14
"2021-02-24 00:00:00";857;793,57
"2021-02-25 00:00:00";817;758,86
"2021-02-26 00:00:00";876;751,57
"2021-02-27 00:00:00";712;742
"2021-02-28 00:00:00";576;718
"2021-03-01 00:00:00";589;723,71
"2021-03-02 00:00:00";767;699
"2021-03-03 00:00:00";689;703,43
"2021-03-04 00:00:00";857;708,71
"2021-03-05 00:00:00";703;712
"2021-03-06 00:00:00";743;717,14
"2021-03-07 00:00:00";613;721,57
"2021-03-08 00:00:00";612;706,57
"2021-03-09 00:00:00";803;722,29
"2021-03-10 00:00:00";720;710,29
"2021-03-11 00:00:00";752;709,71
"2021-03-12 00:00:00";813;703,86
"2021-03-13 00:00:00";659;692,71
"2021-03-14 00:00:00";609;694
"2021-03-15 00:00:00";571;696
"2021-03-16 00:00:00";725;695,43
"2021-03-17 00:00:00";729;698,71
"2021-03-18 00:00:00";766;707
"2021-03-19 00:00:00";809;726
"2021-03-20 00:00:00";682;732,43
"2021-03-21 00:00:00";667;774,86
"2021-03-22 00:00:00";704;808,86
"2021-03-23 00:00:00";770;837,43
"2021-03-24 00:00:00";1026;873,14
"2021-03-25 00:00:00";1004;896,57
"2021-03-26 00:00:00";1009;930,57
"2021-03-27 00:00:00";932;963,57
"2021-03-28 00:00:00";831;1021,71
"2021-03-29 00:00:00";942;1062,29
"2021-03-30 00:00:00";1001;1102,43
"2021-03-31 00:00:00";1433;1153,57
"2021-04-01 00:00:00";1288;1197,57
"2021-04-02 00:00:00";1290;1237,14
"2021-04-03 00:00:00";1290;1281,29
"2021-04-04 00:00:00";1139;1311,71
"2021-04-05 00:00:00";1219;1372,43
"2021-04-06 00:00:00";1310;1455,14
"2021-04-07 00:00:00";1646;1502,86
"2021-04-08 00:00:00";1713;1554
"2021-04-09 00:00:00";1869;1582,29
"2021-04-10 00:00:00";1624;1613,43
"2021-04-11 00:00:00";1497;1594,86
"2021-04-12 00:00:00";1417;1590,14
"2021-04-13 00:00:00";1528;1530,57
"2021-04-14 00:00:00";1516;1482,86
"2021-04-15 00:00:00";1680;1415,29
"2021-04-16 00:00:00";1452;1382,29
"2021-04-17 00:00:00";1290;1337,86
"2021-04-18 00:00:00";1024;1292,57
"2021-04-19 00:00:00";1186;1208,57
"2021-04-20 00:00:00";1217;1132,71
"2021-04-21 00:00:00";1199;1119,29
"2021-04-22 00:00:00";1092;1100,71
"2021-04-23 00:00:00";921;1069,29
"2021-04-24 00:00:00";1196;1050
"2021-04-25 00:00:00";894;1030,71
"2021-04-26 00:00:00";966;1034
"2021-04-27 00:00:00";1082;1069,29
"2021-04-28 00:00:00";1064;1029,43
"2021-04-29 00:00:00";1115;1012,14
"2021-04-30 00:00:00";1168;994,71
"2021-05-01 00:00:00";917;969,71
"2021-05-02 00:00:00";773;945
"2021-05-03 00:00:00";844;933,57
"2021-05-04 00:00:00";907;910
"2021-05-05 00:00:00";891;895,29
"2021-05-06 00:00:00";1035;886,14
"2021-05-07 00:00:00";1003;861,57
"2021-05-08 00:00:00";814;850,71
"2021-05-09 00:00:00";709;845,57
"2021-05-10 00:00:00";672;824,57
"2021-05-11 00:00:00";831;793,86
"2021-05-12 00:00:00";855;771,29
"2021-05-13 00:00:00";888;748,86
"2021-05-14 00:00:00";788;734,86
"2021-05-15 00:00:00";656;699
"2021-05-16 00:00:00";552;691,14
"2021-05-17 00:00:00";574;660,29
"2021-05-18 00:00:00";580;626,71
"2021-05-19 00:00:00";800;603,43
"2021-05-20 00:00:00";672;574
"2021-05-21 00:00:00";553;546,57
"2021-05-22 00:00:00";493;520,86
"2021-05-23 00:00:00";346;471,86
"2021-05-24 00:00:00";382;434,57
"2021-05-25 00:00:00";400;412,43
"2021-05-26 00:00:00";457;384,71
"2021-05-27 00:00:00";411;374
"2021-05-28 00:00:00";398;354,71
"2021-05-29 00:00:00";299;337,86
"2021-05-30 00:00:00";271;314,57
"2021-05-31 00:00:00";247;294,14
"2021-06-01 00:00:00";282;270,43
"2021-06-02 00:00:00";294;258
"2021-06-03 00:00:00";268;241
"2021-06-04 00:00:00";232;229
"2021-06-05 00:00:00";212;216,57
"2021-06-06 00:00:00";152;196,86
"2021-06-07 00:00:00";163;189,14
"2021-06-08 00:00:00";195;178,86
"2021-06-09 00:00:00";156;167,29
"2021-06-10 00:00:00";214;162,43
"2021-06-11 00:00:00";160;154,86
"2021-06-12 00:00:00";131;151,86
"2021-06-13 00:00:00";118;151,14
"2021-06-14 00:00:00";110;142,57
"2021-06-15 00:00:00";174;138,14
"2021-06-16 00:00:00";151;131,57
"2021-06-17 00:00:00";154;128
"2021-06-18 00:00:00";129;125,57
"2021-06-19 00:00:00";85;119,14
"2021-06-20 00:00:00";93;108,86
"2021-06-21 00:00:00";93;98,14
"2021-06-22 00:00:00";129;94,57
"2021-06-23 00:00:00";79;93,86
"2021-06-24 00:00:00";79;87,43
"2021-06-25 00:00:00";104;87,86
"2021-06-26 00:00:00";80;83,71
"2021-06-27 00:00:00";48;83
"2021-06-28 00:00:00";96;82,57
"2021-06-29 00:00:00";100;77,14
"2021-06-30 00:00:00";74;74
"2021-07-01 00:00:00";76;73
"2021-07-02 00:00:00";66;70,29
"2021-07-03 00:00:00";58;68
"2021-07-04 00:00:00";41;67,29
"2021-07-05 00:00:00";77;66,43
"2021-07-06 00:00:00";84;67,14
"2021-07-07 00:00:00";69;67,29
"2021-07-08 00:00:00";70;68,86
"2021-07-09 00:00:00";71;66,43
"2021-07-10 00:00:00";59;65,71
"2021-07-11 00:00:00";52;66,57
"2021-07-12 00:00:00";60;70,29
"2021-07-13 00:00:00";79;70,43
"2021-07-14 00:00:00";75;72,29
"2021-07-15 00:00:00";96;74,14
"2021-07-16 00:00:00";72;76,71
"2021-07-17 00:00:00";72;80,57
"2021-07-18 00:00:00";65;84,43
"2021-07-19 00:00:00";78;88,71
"2021-07-20 00:00:00";106;94,86
"2021-07-21 00:00:00";102;96,29
"2021-07-22 00:00:00";126;96,86
"2021-07-23 00:00:00";115;101,43
"2021-07-24 00:00:00";82;105,71
"2021-07-25 00:00:00";69;110
"2021-07-26 00:00:00";110;106,29
"2021-07-27 00:00:00";136;121,57
"2021-07-28 00:00:00";132;131
"2021-07-29 00:00:00";100;140,29
"2021-07-30 00:00:00";222;152,29
"2021-07-31 00:00:00";148;160,43
"2021-08-01 00:00:00";134;179,71
"2021-08-02 00:00:00";194;207,57
"2021-08-03 00:00:00";193;214,43
"2021-08-04 00:00:00";267;228,86
"2021-08-05 00:00:00";295;243,29
"2021-08-06 00:00:00";270;258
"2021-08-07 00:00:00";249;281,86
"2021-08-08 00:00:00";235;304,29
"2021-08-09 00:00:00";297;322,71
"2021-08-10 00:00:00";360;341,86
"2021-08-11 00:00:00";424;359
"2021-08-12 00:00:00";424;376
"2021-08-13 00:00:00";404;387,57
"2021-08-14 00:00:00";369;395,14
"2021-08-15 00:00:00";354;405
"2021-08-16 00:00:00";378;422
"2021-08-17 00:00:00";413;439,71
"2021-08-18 00:00:00";493;443,14
"2021-08-19 00:00:00";543;442,71
"2021-08-20 00:00:00";528;451
"2021-08-21 00:00:00";393;473,86
"2021-08-22 00:00:00";351;493,29
"2021-08-23 00:00:00";436;507,43
"2021-08-24 00:00:00";573;507
"2021-08-25 00:00:00";629;525,14
"2021-08-26 00:00:00";642;532,57
"2021-08-27 00:00:00";525;550,43
"2021-08-28 00:00:00";520;565,57
"2021-08-29 00:00:00";403;580,14
"2021-08-30 00:00:00";561;595,86
"2021-08-31 00:00:00";679;616
"2021-09-01 00:00:00";731;634
"2021-09-02 00:00:00";752;648,43
"2021-09-03 00:00:00";666;648,43
"2021-09-04 00:00:00";646;644,14
"2021-09-05 00:00:00";504;651,14
"2021-09-06 00:00:00";561;677,43
"2021-09-07 00:00:00";649;714,14
"2021-09-08 00:00:00";780;721,43
"2021-09-09 00:00:00";936;737
"2021-09-10 00:00:00";923;748,43
"2021-09-11 00:00:00";697;762,71
"2021-09-12 00:00:00";613;770,71
"2021-09-13 00:00:00";641;757,29
"2021-09-14 00:00:00";749;738,86
"2021-09-15 00:00:00";836;740,43
"2021-09-16 00:00:00";842;744
"2021-09-17 00:00:00";794;738
"2021-09-18 00:00:00";708;724,86
"2021-09-19 00:00:00";638;714,29
"2021-09-20 00:00:00";599;697,86
"2021-09-21 00:00:00";657;696,57
"2021-09-22 00:00:00";762;682,57
"2021-09-23 00:00:00";727;660
"2021-09-24 00:00:00";785;645,43
"2021-09-25 00:00:00";610;637,29
"2021-09-26 00:00:00";480;630,71
"2021-09-27 00:00:00";497;612,43
"2021-09-28 00:00:00";600;585,86
"2021-09-29 00:00:00";716;563,71
"2021-09-30 00:00:00";599;555,43
"2021-10-01 00:00:00";599;550
"2021-10-02 00:00:00";455;536,71
"2021-10-03 00:00:00";422;518,14
"2021-10-04 00:00:00";459;526,86
"2021-10-05 00:00:00";507;527,71
"2021-10-06 00:00:00";586;542,29
"2021-10-07 00:00:00";660;541,43
"2021-10-08 00:00:00";605;539,29
"2021-10-09 00:00:00";557;549,71
"2021-10-10 00:00:00";416;553,86
"2021-10-11 00:00:00";444;560,57
"2021-10-12 00:00:00";580;572
"2021-10-13 00:00:00";615;560,71
"2021-10-14 00:00:00";707;550,29
"2021-10-15 00:00:00";685;543
"2021-10-16 00:00:00";478;524
"2021-10-17 00:00:00";343;495,29
"2021-10-18 00:00:00";393;451,86
"2021-10-19 00:00:00";447;422,71
"2021-10-20 00:00:00";414;410,57
"2021-10-21 00:00:00";403;407
"2021-10-22 00:00:00";481;408,29
"2021-10-23 00:00:00";393;408,14
"2021-10-24 00:00:00";318;415
"2021-10-25 00:00:00";402;436,71
"2021-10-26 00:00:00";446;456,29
"2021-10-27 00:00:00";462;473
"2021-10-28 00:00:00";555;499,14
"2021-10-29 00:00:00";618;509,29
"2021-10-30 00:00:00";510;521
"2021-10-31 00:00:00";501;542,29
"2021-11-01 00:00:00";473;554,29
"2021-11-02 00:00:00";528;556,86
"2021-11-03 00:00:00";611;571,71
"2021-11-04 00:00:00";639;565,14
"2021-11-05 00:00:00";636;571,86
"2021-11-06 00:00:00";614;601,71
"2021-11-07 00:00:00";455;611,29
"2021-11-08 00:00:00";520;622,14
"2021-11-09 00:00:00";737;635,71
"2021-11-10 00:00:00";678;628
"2021-11-11 00:00:00";715;632,57
"2021-11-12 00:00:00";731;638,57
"2021-11-13 00:00:00";560;640,14
"2021-11-14 00:00:00";487;651,71
"2021-11-15 00:00:00";562;656,29
"2021-11-16 00:00:00";748;669
"2021-11-17 00:00:00";759;687,71
"2021-11-18 00:00:00";747;716,71
"2021-11-19 00:00:00";820;737,14
"2021-11-20 00:00:00";691;758,14
"2021-11-21 00:00:00";690;795
"2021-11-22 00:00:00";705;853,43
"2021-11-23 00:00:00";895;880,86
"2021-11-24 00:00:00";1017;897
"2021-11-25 00:00:00";1156;904,71
"2021-11-26 00:00:00";1012;932,43
"2021-11-27 00:00:00";804;975,86
"2021-11-28 00:00:00";744;1014,71
"2021-11-29 00:00:00";899;1050,86
"2021-11-30 00:00:00";1199;1116,57
"2021-12-01 00:00:00";1289;1189,29
"2021-12-02 00:00:00";1409;1241,71
"2021-12-03 00:00:00";1472;1286
"2021-12-04 00:00:00";1313;1336,29
"2021-12-05 00:00:00";1111;1423,86
"2021-12-06 00:00:00";1209;1504,14
"2021-12-07 00:00:00";1551;1597,14
"2021-12-08 00:00:00";1902;1650,57
"2021-12-09 00:00:00";1971;1716
"2021-12-10 00:00:00";2123;1854,71
"2021-12-11 00:00:00";1687;2025
"2021-12-12 00:00:00";1569;2239,57
"2021-12-13 00:00:00";2180;2529,43
"2021-12-14 00:00:00";2743;2842,43
"2021-12-15 00:00:00";3404;3267
"2021-12-16 00:00:00";4000;3664,57
"2021-12-17 00:00:00";4314;4227,57
"2021-12-18 00:00:00";4659;4975,43
"2021-12-19 00:00:00";4352;6060,29
"2021-12-20 00:00:00";6121;7195,71
"2021-12-21 00:00:00";7978;8151,71
"2021-12-22 00:00:00";10998;8990,43
"2021-12-23 00:00:00";11948;9889,71
"2021-12-24 00:00:00";11006;10852,29
"2021-12-25 00:00:00";10530;11857,86
"2021-12-26 00:00:00";10647;12913,71
"2021-12-27 00:00:00";12859;13777,71
"2021-12-28 00:00:00";15017;14521,14
"2021-12-29 00:00:00";18389;15209,43
"2021-12-30 00:00:00";17996;15820
"2021-12-31 00:00:00";16210;15947,43
"2022-01-01 00:00:00";15348;16229,71
"2022-01-02 00:00:00";14921;16161
"2022-01-03 00:00:00";13751;15884,57
"2022-01-04 00:00:00";16993;15353,86
"2022-01-05 00:00:00";17908;14557;"<a style="color:white" href="/covid-19/donnees/methodologie?accordeon=depistage1&ancre=acces-restreint">Dépistage restreint</a>"
"2022-01-06 00:00:00";16061;13564,43
"2022-01-07 00:00:00";12495;12786,14
"2022-01-08 00:00:00";9770;11364,86
"2022-01-09 00:00:00";7973;9796,14
"2022-01-10 00:00:00";8303;8376,43
"2022-01-11 00:00:00";7044;7402
"2022-01-12 00:00:00";6927;6686,71
"2022-01-13 00:00:00";6123;6122
"2022-01-14 00:00:00";5674;5591,57
"2022-01-15 00:00:00";4763;5351,71
"2022-01-16 00:00:00";4020;5056,71
"2022-01-17 00:00:00";4590;4841,29
"2022-01-18 00:00:00";5365;4615,29
"2022-01-19 00:00:00";4862;4359,71
"2022-01-20 00:00:00";4615;4163,43
"2022-01-21 00:00:00";4092;4016,71
"2022-01-22 00:00:00";2974;3849,57
"2022-01-23 00:00:00";2646;3681,29
"2022-01-24 00:00:00";3563;3530,57
"2022-01-25 00:00:00";4195;3424,71
"2022-01-26 00:00:00";3684;3376,57
"2022-01-27 00:00:00";3560;3338,14
"2022-01-28 00:00:00";3351;3290,57
"2022-01-29 00:00:00";2637;3232,43
"2022-01-30 00:00:00";2377;3242,43
"2022-01-31 00:00:00";3230;3167,14
"2022-02-01 00:00:00";3788;3109,71
"2022-02-02 00:00:00";3754;3047,29
"2022-02-03 00:00:00";3033;2996,14
"2022-02-04 00:00:00";2949;2971
"2022-02-05 00:00:00";2200;2879,29
"2022-02-06 00:00:00";2019;2739,57
"2022-02-07 00:00:00";3054;2671,29
"2022-02-08 00:00:00";3146;2594,71
"2022-02-09 00:00:00";2776;2496,71
"2022-02-10 00:00:00";2555;2422,57
"2022-02-11 00:00:00";2413;2277,86
"2022-02-12 00:00:00";1514;2122,29
"2022-02-13 00:00:00";1500;1999
"2022-02-14 00:00:00";2041;1885,71
"2022-02-15 00:00:00";2057;1757,57
"2022-02-16 00:00:00";1913;1691,14
"2022-02-17 00:00:00";1762;1629,43
"2022-02-18 00:00:00";1516;1577,43
"2022-02-19 00:00:00";1049;1515,86
"2022-02-20 00:00:00";1068;1452,57
"2022-02-21 00:00:00";1677;1389
"2022-02-22 00:00:00";1626;1327,29
"2022-02-23 00:00:00";1470;1306,43
"2022-02-24 00:00:00";1317;1270,43
"2022-02-25 00:00:00";1084;1221
"2022-02-26 00:00:00";903;1169,57
"2022-02-27 00:00:00";816;1127,14
"2022-02-28 00:00:00";1331;1142
"2022-03-01 00:00:00";1266;1140,86
"2022-03-02 00:00:00";1173;1123,71
"2022-03-03 00:00:00";1421;1118,14
"2022-03-04 00:00:00";1076;1106,86
"2022-03-05 00:00:00";783;1121,43
"2022-03-06 00:00:00";777;1133,43
"2022-03-07 00:00:00";1252;1088,14
"2022-03-08 00:00:00";1368;1089,86
"2022-03-09 00:00:00";1257;1080,43
"2022-03-10 00:00:00";1104;1069
"2022-03-11 00:00:00";1088;1081,29
"2022-03-12 00:00:00";717;1088,29
"2022-03-13 00:00:00";697;1119,29
"2022-03-14 00:00:00";1338;1163,43
"2022-03-15 00:00:00";1417;1186
"2022-03-16 00:00:00";1474;1213,71
"2022-03-17 00:00:00";1413;1260
"2022-03-18 00:00:00";1246;1316,57
"2022-03-19 00:00:00";911;1431,86
"2022-03-20 00:00:00";1021;1559,43
"2022-03-21 00:00:00";1734;1676,86
"2022-03-22 00:00:00";2224;1813,43
"2022-03-23 00:00:00";2367;1915
"2022-03-24 00:00:00";2235;2019,29
"2022-03-25 00:00:00";2202;2177,29
"2022-03-26 00:00:00";1622;2303,71
"2022-03-27 00:00:00";1751;2447,29
"2022-03-28 00:00:00";2840;2565,14
"2022-03-29 00:00:00";3109;2678,86
"2022-03-30 00:00:00";3372;2779,71
"2022-03-31 00:00:00";3060;2843,43
"2022-04-01 00:00:00";2998;2908,71
"2022-04-02 00:00:00";2328;2998,71
"2022-04-03 00:00:00";2197;3037,14
"2022-04-04 00:00:00";3297;3111,57
"2022-04-05 00:00:00";3739;3115,71
"2022-04-06 00:00:00";3641;3139,29
"2022-04-07 00:00:00";3581;3158,86
"2022-04-08 00:00:00";3027;3106,71
"2022-04-09 00:00:00";2493;3064,14
"2022-04-10 00:00:00";2334;3032
"2022-04-11 00:00:00";2932;2920,71
"2022-04-12 00:00:00";3441;2807,71
"2022-04-13 00:00:00";3416;2691,86
"2022-04-14 00:00:00";2802;2586,29
"2022-04-15 00:00:00";2236;2445,57
"2022-04-16 00:00:00";1682;2326,71
"2022-04-17 00:00:00";1595;2246,14
"2022-04-18 00:00:00";1947;2167,14
"2022-04-19 00:00:00";2609;2139,71
"2022-04-20 00:00:00";2852;2094,71
"2022-04-21 00:00:00";2249;2071,43
"2022-04-22 00:00:00";2044;2069
"2022-04-23 00:00:00";1367;1961,57
"2022-04-24 00:00:00";1432;1805,57
"2022-04-25 00:00:00";1930;1713,71
"2022-04-26 00:00:00";1857;1631,57
"2022-04-27 00:00:00";1760;1571,43
"2022-04-28 00:00:00";1606;1493,29
"2022-04-29 00:00:00";1469;1409,71
"2022-04-30 00:00:00";946;1366,71
"2022-05-01 00:00:00";885;1296,71
"2022-05-02 00:00:00";1345;1234,57
"2022-05-03 00:00:00";1556;1174,14
"2022-05-04 00:00:00";1270;1134
"2022-05-05 00:00:00";1171;1103,43
"2022-05-06 00:00:00";1046;1037
"2022-05-07 00:00:00";665;960,29
"2022-05-08 00:00:00";671;917,43
"2022-05-09 00:00:00";880;864,57
"2022-05-10 00:00:00";1019;825,14
"2022-05-11 00:00:00";970;810,29
"2022-05-12 00:00:00";801;787,29
"2022-05-13 00:00:00";770;759,14
"2022-05-14 00:00:00";561;709,86
"2022-05-15 00:00:00";510;658,14
"2022-05-16 00:00:00";683;634,43
"2022-05-17 00:00:00";674;599,14
"2022-05-18 00:00:00";608;572,86
"2022-05-19 00:00:00";635;549,71
"2022-05-20 00:00:00";523;522,86
"2022-05-21 00:00:00";377;517,86
"2022-05-22 00:00:00";348;526,43
"2022-05-23 00:00:00";495;518,14
"2022-05-24 00:00:00";639;518
"2022-05-25 00:00:00";668;521,43
"2022-05-26 00:00:00";577;528,71
"2022-05-27 00:00:00";522;556,29
"2022-05-28 00:00:00";401;561,71
"2022-05-29 00:00:00";399;558,29
"2022-05-30 00:00:00";688;556,29
"2022-05-31 00:00:00";677;549,29
"2022-06-01 00:00:00";644;549,71
"2022-06-02 00:00:00";563;552,14
"2022-06-03 00:00:00";473;560,86
"2022-06-04 00:00:00";404;562,14
"2022-06-05 00:00:00";416;581,43
"2022-06-06 00:00:00";749;603,43
"2022-06-07 00:00:00";686;624,14
"2022-06-08 00:00:00";779;638
"2022-06-09 00:00:00";717;649,86
"2022-06-10 00:00:00";618;657,43
"2022-06-11 00:00:00";501;673,43
"2022-06-12 00:00:00";499;687,86
"2022-06-13 00:00:00";802;707
"2022-06-14 00:00:00";798;724,57
"2022-06-15 00:00:00";880;739,71
"2022-06-16 00:00:00";851;749,57
"2022-06-17 00:00:00";741;774,86
"2022-06-18 00:00:00";607;
"2022-06-19 00:00:00";568;
"2022-06-20 00:00:00";979;
"2022-06-21 00:00:00";630;